{
  "updateBooking" : {
    "transaction" : "updateBooking",
    "sampleCount" : 3000,
    "errorCount" : 0,
    "errorPct" : 0.0,
    "meanResTime" : 8782.71166666672,
    "medianResTime" : 8952.0,
    "minResTime" : 1087.0,
    "maxResTime" : 9979.0,
    "pct1ResTime" : 9844.0,
    "pct2ResTime" : 9892.0,
    "pct3ResTime" : 9945.0,
    "throughput" : 184.88845063478368,
    "receivedKBytesPerSec" : 165.35912655614447,
    "sentKBytesPerSec" : 91.18033942438063
  },
  "Total" : {
    "transaction" : "Total",
    "sampleCount" : 12000,
    "errorCount" : 0,
    "errorPct" : 0.0,
    "meanResTime" : 7615.172999999985,
    "medianResTime" : 5099.0,
    "minResTime" : 317.0,
    "maxResTime" : 25547.0,
    "pct1ResTime" : 18897.699999999997,
    "pct2ResTime" : 20724.949999999997,
    "pct3ResTime" : 22151.0,
    "throughput" : 301.09145652992095,
    "receivedKBytesPerSec" : 260.5756413875298,
    "sentKBytesPerSec" : 102.69159296198721
  },
  "getBooking" : {
    "transaction" : "getBooking",
    "sampleCount" : 3000,
    "errorCount" : 0,
    "errorPct" : 0.0,
    "meanResTime" : 2977.5143333333317,
    "medianResTime" : 2978.0,
    "minResTime" : 519.0,
    "maxResTime" : 5210.0,
    "pct1ResTime" : 4558.0,
    "pct2ResTime" : 4868.95,
    "pct3ResTime" : 5052.98,
    "throughput" : 191.59535061949163,
    "receivedKBytesPerSec" : 171.52074817984416,
    "sentKBytesPerSec" : 31.99492671477839
  },
  "login" : {
    "transaction" : "login",
    "sampleCount" : 3000,
    "errorCount" : 0,
    "errorPct" : 0.0,
    "meanResTime" : 17308.82066666669,
    "medianResTime" : 17698.5,
    "minResTime" : 10491.0,
    "maxResTime" : 25547.0,
    "pct1ResTime" : 21652.0,
    "pct2ResTime" : 22053.85,
    "pct3ResTime" : 22997.94,
    "throughput" : 101.26240464456896,
    "receivedKBytesPerSec" : 76.11847490380072,
    "sentKBytesPerSec" : 25.018933960035103
  },
  "createBooking" : {
    "transaction" : "createBooking",
    "sampleCount" : 3000,
    "errorCount" : 0,
    "errorPct" : 0.0,
    "meanResTime" : 1391.6453333333327,
    "medianResTime" : 1514.0,
    "minResTime" : 317.0,
    "maxResTime" : 5187.0,
    "pct1ResTime" : 2247.9,
    "pct2ResTime" : 2421.2999999999975,
    "pct3ResTime" : 2899.54999999999,
    "throughput" : 242.77737314882253,
    "receivedKBytesPerSec" : 223.46582402686738,
    "sentKBytesPerSec" : 110.9568463219228
  }
}